               epoch,      train/box_loss,      train/obj_loss,      train/cls_loss,   metrics/precision,      metrics/recall,     metrics/mAP_0.5,metrics/mAP_0.5:0.95,        val/box_loss,        val/obj_loss,        val/cls_loss,               x/lr0,               x/lr1,               x/lr2
                   0,             0.12538,            0.024915,                   0,                   0,                   0,                   0,                   0,             0.12744,            0.020817,                   0,               7e-05,               7e-05,             0.09937
                   1,             0.12137,            0.024338,                   0,          0.00019134,                0.04,          8.4174e-05,          4.2087e-05,             0.12351,            0.020805,                   0,             0.00015,             0.00015,             0.09865
                   2,             0.11836,            0.024194,                   0,          0.00052013,                0.12,          0.00027837,          5.4658e-05,             0.11994,            0.021101,                   0,          0.00022998,          0.00022998,             0.09793
                   3,             0.11453,            0.022604,                   0,          0.00053889,                0.12,          0.00028017,           7.219e-05,             0.11461,            0.021879,                   0,          0.00030994,          0.00030994,             0.09721
                   4,             0.11149,            0.023559,                   0,           0.0017347,                0.08,          0.00070325,          0.00016104,             0.10985,            0.022573,                   0,          0.00038986,          0.00038986,             0.09649
                   5,             0.10663,            0.023066,                   0,           0.0021423,                0.12,          0.00078295,          0.00016743,             0.10534,            0.023258,                   0,          0.00046974,          0.00046974,             0.09577
                   6,             0.10419,            0.022505,                   0,          0.00096991,                0.24,          0.00062433,           0.0001479,             0.10182,            0.023693,                   0,          0.00054957,          0.00054957,             0.09505
                   7,             0.10219,             0.02361,                   0,          0.00095275,                0.24,          0.00059482,          9.4936e-05,            0.097174,            0.024371,                   0,          0.00062932,          0.00062932,            0.094329
                   8,            0.096971,            0.023737,                   0,           0.0011385,                0.28,          0.00077746,          0.00013576,            0.092948,            0.025076,                   0,            0.000709,            0.000709,            0.093609
                   9,            0.094627,            0.021691,                   0,           0.0052778,                0.04,           0.0010856,          0.00016075,            0.087606,            0.025782,                   0,           0.0007886,           0.0007886,            0.092889
                  10,            0.088697,            0.024639,                   0,            0.018511,                0.08,            0.003775,           0.0010015,            0.082146,            0.026486,                   0,          0.00086809,          0.00086809,            0.092168
                  11,            0.083822,             0.02294,                   0,            0.089881,                0.08,            0.015321,           0.0040362,             0.08014,            0.026241,                   0,          0.00094748,          0.00094748,            0.091447
                  12,            0.080954,            0.025243,                   0,             0.83281,                0.08,              0.1363,             0.04665,            0.072693,            0.026604,                   0,           0.0010268,           0.0010268,            0.090727
                  13,            0.074871,            0.024965,                   0,             0.34656,                0.64,             0.30024,            0.062059,            0.066751,            0.026492,                   0,           0.0011059,           0.0011059,            0.090006
                  14,            0.072686,            0.024943,                   0,             0.36122,                0.68,             0.32643,            0.061817,            0.069645,            0.025054,                   0,           0.0011849,           0.0011849,            0.089285
                  15,             0.07341,            0.022125,                   0,              0.3197,                0.64,             0.33896,            0.088574,            0.063298,            0.024794,                   0,           0.0012637,           0.0012637,            0.088564
                  16,            0.069677,            0.021909,                   0,             0.36509,                0.56,             0.32749,            0.088338,             0.06245,            0.023354,                   0,           0.0013424,           0.0013424,            0.087842
                  17,            0.066736,            0.021805,                   0,             0.49896,                 0.6,              0.4324,              0.1088,            0.061313,            0.022919,                   0,            0.001421,            0.001421,            0.087121
                  18,            0.063267,             0.02214,                   0,             0.32048,                0.68,             0.35758,            0.089765,            0.067395,             0.02039,                   0,           0.0014993,           0.0014993,            0.086399
                  19,            0.063587,            0.018838,                   0,             0.35738,                0.44,             0.33981,            0.088752,             0.06222,            0.019628,                   0,           0.0015775,           0.0015775,            0.085677
                  20,             0.06404,            0.019437,                   0,              0.4983,              0.5166,             0.45304,             0.11244,            0.060046,             0.01966,                   0,           0.0016554,           0.0016554,            0.084955
                  21,            0.082999,            0.015647,                   0,             0.56364,                0.52,             0.48577,             0.13558,            0.068032,            0.017786,                   0,           0.0017331,           0.0017331,            0.084233
                  22,            0.069508,            0.017516,                   0,             0.40588,                0.52,             0.39163,              0.0921,            0.074647,            0.017445,                   0,           0.0018107,           0.0018107,            0.083511
                  23,            0.068435,            0.017225,                   0,             0.61821,             0.51824,             0.54499,             0.11211,             0.06148,            0.019289,                   0,           0.0018879,           0.0018879,            0.082788
                  24,            0.066786,            0.017102,                   0,             0.35681,                0.76,             0.46458,            0.094272,            0.060104,            0.019133,                   0,            0.001965,            0.001965,            0.082065
                  25,            0.066547,            0.018063,                   0,             0.34337,                0.44,             0.32584,             0.05537,            0.066313,            0.017279,                   0,           0.0020418,           0.0020418,            0.081342
                  26,            0.066967,              0.0157,                   0,             0.45965,                0.76,             0.58675,             0.15981,            0.054531,            0.018935,                   0,           0.0021183,           0.0021183,            0.080618
                  27,            0.064558,            0.015801,                   0,             0.69921,                0.56,             0.60639,             0.14505,            0.065248,            0.017418,                   0,           0.0021946,           0.0021946,            0.079895
                  28,            0.061872,            0.016406,                   0,             0.54994,                0.64,             0.54019,             0.15156,            0.059941,            0.017283,                   0,           0.0022706,           0.0022706,            0.079171
                  29,            0.063355,            0.018466,                   0,             0.35897,                0.68,             0.38189,            0.078428,            0.063338,            0.016675,                   0,           0.0023463,           0.0023463,            0.078446
                  30,            0.059643,            0.015768,                   0,             0.45391,                0.64,             0.43942,            0.087335,            0.063712,            0.016132,                   0,           0.0024216,           0.0024216,            0.077722
                  31,            0.059887,            0.016047,                   0,             0.54788,                0.68,             0.56438,             0.13295,            0.057248,            0.016491,                   0,           0.0024967,           0.0024967,            0.076997
                  32,            0.059134,            0.014942,                   0,             0.76688,              0.7898,             0.85953,              0.2229,            0.053052,            0.017008,                   0,           0.0025715,           0.0025715,            0.076271
                  33,            0.059367,            0.015683,                   0,             0.53581,                0.84,             0.69526,             0.17979,            0.058328,            0.015834,                   0,           0.0026459,           0.0026459,            0.075546
                  34,            0.056809,            0.015897,                   0,             0.66576,                0.64,             0.65798,             0.16148,             0.05559,            0.016011,                   0,             0.00272,             0.00272,             0.07482
                  35,            0.059245,            0.015048,                   0,             0.44284,                0.64,             0.46026,             0.11435,            0.071502,            0.014126,                   0,           0.0027938,           0.0027938,            0.074094
                  36,            0.056631,            0.015216,                   0,             0.48839,             0.87827,             0.59113,             0.20563,            0.051296,            0.016318,                   0,           0.0028671,           0.0028671,            0.073367
                  37,            0.055773,            0.015209,                   0,             0.54484,             0.71827,             0.56546,             0.13567,            0.066457,            0.014247,                   0,           0.0029402,           0.0029402,             0.07264
                  38,            0.058402,            0.013478,                   0,             0.71801,                0.84,             0.77588,              0.3214,            0.054736,              0.0155,                   0,           0.0030128,           0.0030128,            0.071913
                  39,            0.057328,              0.0149,                   0,             0.59398,                0.88,             0.76965,              0.2184,            0.048793,             0.01544,                   0,           0.0030851,           0.0030851,            0.071185
                  40,            0.052741,            0.015202,                   0,             0.63815,                0.92,             0.70178,             0.19853,            0.054632,            0.014574,                   0,           0.0031569,           0.0031569,            0.070457
                  41,            0.054318,            0.012608,                   0,             0.68689,             0.87756,             0.81709,             0.36404,            0.046758,            0.015306,                   0,           0.0032284,           0.0032284,            0.069728
                  42,            0.051108,            0.014878,                   0,             0.51255,             0.79915,             0.62775,             0.19806,            0.054168,            0.014329,                   0,           0.0032994,           0.0032994,            0.068999
                  43,            0.054886,            0.013298,                   0,             0.59323,                0.88,             0.78254,             0.29643,            0.050074,             0.01418,                   0,             0.00337,             0.00337,             0.06827
                  44,            0.054356,            0.014135,                   0,             0.53807,                0.84,             0.69945,             0.20823,            0.053192,            0.014014,                   0,           0.0034402,           0.0034402,             0.06754
                  45,            0.051484,            0.014102,                   0,              0.6113,             0.75504,             0.64686,             0.15011,            0.051301,            0.014308,                   0,             0.00351,             0.00351,             0.06681
                  46,            0.053794,            0.013571,                   0,              0.7737,                0.96,             0.84829,             0.35052,            0.046943,            0.014026,                   0,           0.0035793,           0.0035793,            0.066079
                  47,            0.051726,            0.013534,                   0,             0.63229,                0.76,             0.56904,             0.14566,            0.056501,            0.012881,                   0,           0.0036482,           0.0036482,            0.065348
                  48,            0.050987,             0.01167,                   0,             0.68664,                0.88,             0.76193,             0.20883,            0.053395,            0.013356,                   0,           0.0037165,           0.0037165,            0.064617
                  49,            0.052547,             0.01356,                   0,             0.85159,                0.92,             0.89529,             0.30335,            0.048287,            0.013229,                   0,           0.0037845,           0.0037845,            0.063884
                  50,            0.048562,             0.01291,                   0,             0.76563,                0.92,             0.83363,             0.29693,            0.049095,            0.012597,                   0,           0.0038519,           0.0038519,            0.063152
                  51,            0.049761,            0.012594,                   0,             0.56703,                0.84,             0.73071,             0.19397,            0.058219,            0.012288,                   0,           0.0039188,           0.0039188,            0.062419
                  52,            0.049099,            0.012311,                   0,             0.85175,             0.91925,             0.85775,             0.37798,            0.046823,            0.012727,                   0,           0.0039853,           0.0039853,            0.061685
                  53,            0.047727,            0.010854,                   0,             0.64847,             0.95925,             0.80364,             0.31374,            0.050259,            0.012433,                   0,           0.0040512,           0.0040512,            0.060951
                  54,            0.048104,            0.012958,                   0,             0.59303,                0.76,             0.71436,             0.20447,            0.050216,            0.012217,                   0,           0.0041166,           0.0041166,            0.060217
                  55,            0.051649,            0.011584,                   0,             0.89465,             0.67939,             0.83014,             0.32191,            0.049099,            0.012434,                   0,           0.0041815,           0.0041815,            0.059482
                  56,            0.045279,            0.010814,                   0,              0.6171,                0.84,             0.69154,             0.25263,            0.053536,             0.01197,                   0,           0.0042459,           0.0042459,            0.058746
                  57,            0.048943,            0.011417,                   0,             0.83989,             0.83934,              0.8725,             0.33809,            0.045076,            0.012329,                   0,           0.0043098,           0.0043098,             0.05801
                  58,            0.043676,            0.011431,                   0,             0.82721,                0.96,             0.88258,             0.38705,            0.044759,            0.012114,                   0,            0.004373,            0.004373,            0.057273
                  59,            0.047471,            0.011382,                   0,             0.79054,                0.76,             0.77832,              0.2372,            0.051827,            0.012365,                   0,           0.0044358,           0.0044358,            0.056536
                  60,            0.047719,            0.011147,                   0,             0.74168,             0.91883,              0.7921,             0.25387,            0.051058,            0.011908,                   0,            0.004498,            0.004498,            0.055798
                  61,            0.046279,            0.011635,                   0,             0.84609,             0.87955,             0.89961,             0.30855,            0.048966,            0.011915,                   0,           0.0045596,           0.0045596,             0.05506
                  62,            0.040187,            0.011176,                   0,             0.62639,                0.88,             0.70837,             0.25179,            0.046875,             0.01173,                   0,           0.0046206,           0.0046206,            0.054321
                  63,            0.058013,            0.010978,                   0,             0.74024,                 0.8,             0.71893,             0.22144,            0.053128,            0.012536,                   0,           0.0046811,           0.0046811,            0.053581
                  64,            0.053023,             0.01207,                   0,             0.70092,                0.96,             0.77449,             0.24359,            0.048871,            0.012787,                   0,           0.0047409,           0.0047409,            0.052841
                  65,            0.047469,            0.011555,                   0,             0.65615,                0.92,              0.7749,             0.30132,            0.044774,             0.01208,                   0,           0.0048002,           0.0048002,              0.0521
                  66,            0.052777,            0.010691,                   0,             0.65681,                0.92,             0.74295,             0.22512,            0.053026,            0.011513,                   0,           0.0048589,           0.0048589,            0.051359
                  67,            0.055759,            0.011129,                   0,             0.66634,             0.87876,             0.80976,             0.30963,            0.047296,             0.01228,                   0,            0.004917,            0.004917,            0.050617
                  68,            0.042612,            0.011289,                   0,             0.71411,             0.79934,             0.72396,             0.22097,            0.055211,            0.011308,                   0,           0.0049744,           0.0049744,            0.049874
                  69,            0.059354,           0.0099341,                   0,             0.58252,                0.84,             0.66985,             0.23295,            0.051359,            0.012007,                   0,           0.0050312,           0.0050312,            0.049131
                  70,            0.050943,            0.010711,                   0,             0.64853,             0.95952,             0.71317,             0.30764,            0.048311,            0.012268,                   0,           0.0050875,           0.0050875,            0.048387
                  71,             0.04749,            0.011107,                   0,             0.92279,                0.96,             0.93708,              0.4544,            0.044036,            0.011831,                   0,            0.005143,            0.005143,            0.047643
                  72,            0.051611,            0.010888,                   0,             0.94996,             0.75932,             0.89905,             0.25325,            0.055458,            0.011217,                   0,            0.005198,            0.005198,            0.046898
                  73,            0.055374,             0.01112,                   0,             0.80252,                0.88,             0.87187,             0.38408,            0.041367,            0.012307,                   0,           0.0052522,           0.0052522,            0.046152
                  74,             0.04531,            0.010973,                   0,             0.64664,                0.96,             0.75925,             0.32374,            0.045486,            0.012004,                   0,           0.0053059,           0.0053059,            0.045406
                  75,            0.048939,             0.01026,                   0,             0.77416,                0.96,             0.80391,             0.34519,            0.047158,            0.011548,                   0,           0.0053589,           0.0053589,            0.044659
                  76,            0.048702,           0.0099359,                   0,             0.90476,             0.75998,             0.88396,             0.34951,            0.051501,            0.011791,                   0,           0.0054112,           0.0054112,            0.043911
                  77,            0.043863,            0.010985,                   0,             0.56368,                0.88,              0.7346,             0.30716,            0.045793,            0.011501,                   0,           0.0054628,           0.0054628,            0.043163
                  78,            0.046925,            0.010331,                   0,             0.89982,             0.71862,             0.84404,              0.2873,            0.045338,            0.011525,                   0,           0.0055138,           0.0055138,            0.042414
                  79,            0.046811,            0.010872,                   0,              0.6957,                0.92,             0.84518,             0.36709,             0.04393,            0.011274,                   0,           0.0055641,           0.0055641,            0.041664
                  80,            0.039215,           0.0099568,                   0,                 0.8,             0.95998,             0.91357,             0.47419,            0.040631,            0.011254,                   0,           0.0056137,           0.0056137,            0.040914
                  81,            0.042352,            0.010727,                   0,             0.59443,             0.87942,             0.70539,             0.33501,            0.043978,            0.011286,                   0,           0.0056626,           0.0056626,            0.040163
                  82,            0.042994,            0.011348,                   0,             0.92301,             0.95917,             0.92982,               0.426,            0.042556,            0.011189,                   0,           0.0057109,           0.0057109,            0.039411
                  83,            0.037413,            0.010512,                   0,             0.82753,             0.95961,             0.89344,             0.42297,            0.042773,            0.010549,                   0,           0.0057584,           0.0057584,            0.038658
                  84,             0.04745,           0.0099625,                   0,              0.8888,             0.95918,             0.91306,             0.44383,            0.040342,            0.011071,                   0,           0.0058052,           0.0058052,            0.037905
                  85,             0.04025,            0.010926,                   0,             0.91988,             0.91862,             0.91965,             0.48014,            0.037991,             0.01068,                   0,           0.0058514,           0.0058514,            0.037151
                  86,            0.041176,           0.0095228,                   0,              0.9539,                0.84,             0.93666,             0.45512,            0.039808,            0.010366,                   0,           0.0058968,           0.0058968,            0.036397
                  87,            0.044006,           0.0093969,                   0,             0.79256,                0.92,             0.87121,              0.2895,            0.046967,            0.010229,                   0,           0.0059415,           0.0059415,            0.035641
                  88,            0.047086,            0.010203,                   0,             0.87991,             0.87929,             0.90245,             0.45037,            0.039026,            0.010563,                   0,           0.0059855,           0.0059855,            0.034885
                  89,            0.036908,           0.0089737,                   0,             0.88865,                0.96,             0.90432,             0.45389,            0.040966,            0.010555,                   0,           0.0060287,           0.0060287,            0.034129
                  90,            0.049725,           0.0095221,                   0,             0.84611,             0.87969,               0.804,             0.27285,            0.048718,            0.010397,                   0,           0.0060713,           0.0060713,            0.033371
                  91,            0.048666,            0.010478,                   0,             0.91967,                0.92,             0.90366,             0.44783,            0.038899,             0.01157,                   0,           0.0061131,           0.0061131,            0.032613
                  92,            0.036356,           0.0093062,                   0,             0.88845,                0.96,             0.92514,             0.47041,            0.040675,            0.010806,                   0,           0.0061542,           0.0061542,            0.031854
                  93,            0.043412,            0.010997,                   0,             0.76616,             0.91749,             0.88827,             0.41885,            0.043017,            0.010627,                   0,           0.0061945,           0.0061945,            0.031094
                  94,            0.041678,           0.0099958,                   0,             0.88268,                0.92,             0.91545,              0.3789,            0.042946,            0.010586,                   0,           0.0062341,           0.0062341,            0.030334
                  95,            0.042998,           0.0092032,                   0,             0.85709,              0.9596,             0.90981,              0.4132,            0.039615,            0.011312,                   0,            0.006273,            0.006273,            0.029573
                  96,            0.041592,            0.009396,                   0,             0.82124,                0.92,             0.83372,             0.31515,            0.045673,            0.010884,                   0,           0.0063111,           0.0063111,            0.028811
                  97,            0.041345,           0.0091036,                   0,             0.85177,                0.92,             0.88813,              0.4769,             0.03849,            0.010689,                   0,           0.0063484,           0.0063484,            0.028048
                  98,            0.034748,           0.0094159,                   0,              0.9565,             0.87955,              0.9201,             0.45315,             0.03917,            0.010511,                   0,            0.006385,            0.006385,            0.027285
                  99,            0.047617,           0.0090088,                   0,             0.95805,                0.92,             0.92954,              0.4344,            0.040564,            0.010559,                   0,           0.0064209,           0.0064209,            0.026521
                 100,            0.039123,           0.0097075,                   0,             0.91621,                0.88,             0.91649,             0.50917,            0.037235,            0.010409,                   0,            0.006456,            0.006456,            0.025756
                 101,            0.033702,           0.0094544,                   0,             0.91999,             0.91983,             0.89678,             0.40005,             0.04154,           0.0099882,                   0,           0.0064903,           0.0064903,             0.02499
                 102,            0.041467,            0.009296,                   0,             0.91973,                0.92,             0.88852,             0.39829,            0.041431,            0.010179,                   0,           0.0065239,           0.0065239,            0.024224
                 103,            0.036051,           0.0091853,                   0,             0.92269,                0.96,             0.92689,             0.43588,            0.043104,            0.009999,                   0,           0.0065568,           0.0065568,            0.023457
                 104,            0.036483,           0.0095375,                   0,             0.91969,                0.92,             0.93455,             0.38712,            0.048722,           0.0096668,                   0,           0.0065888,           0.0065888,            0.022689
                 105,             0.04731,           0.0085336,                   0,             0.70352,                0.76,             0.72714,             0.29682,            0.050339,           0.0098596,                   0,           0.0066201,           0.0066201,             0.02192
                 106,            0.048464,           0.0099901,                   0,             0.91995,                0.92,             0.91302,             0.45133,            0.041341,            0.010586,                   0,           0.0066507,           0.0066507,            0.021151
                 107,            0.041952,           0.0093581,                   0,             0.83981,                0.84,             0.82369,             0.30681,             0.03951,            0.010416,                   0,           0.0066804,           0.0066804,             0.02038
                 108,            0.037395,           0.0082438,                   0,             0.87999,                0.88,             0.84126,             0.35473,              0.0423,            0.010722,                   0,           0.0067094,           0.0067094,            0.019609
                 109,            0.038775,           0.0094599,                   0,             0.95968,                0.96,             0.94616,             0.46581,            0.037359,            0.010343,                   0,           0.0067376,           0.0067376,            0.018838
                 110,            0.034214,           0.0090106,                   0,             0.95649,              0.8794,             0.94182,             0.54524,            0.038253,           0.0097952,                   0,           0.0067651,           0.0067651,            0.018065
                 111,            0.036038,           0.0077141,                   0,             0.87999,             0.87994,             0.85319,             0.35948,            0.042591,           0.0096906,                   0,           0.0067918,           0.0067918,            0.017292
                 112,            0.042285,           0.0095302,                   0,             0.88405,                0.92,             0.92365,             0.39035,            0.046403,           0.0098327,                   0,           0.0068177,           0.0068177,            0.016518
                 113,            0.044277,           0.0092739,                   0,             0.62754,             0.87621,              0.7635,             0.21863,            0.046294,            0.010016,                   0,           0.0068429,           0.0068429,            0.015743
                 114,            0.045308,           0.0099617,                   0,             0.91996,             0.91951,              0.9355,             0.49812,            0.041376,           0.0099165,                   0,           0.0068672,           0.0068672,            0.014967
                 115,            0.040676,           0.0095605,                   0,             0.66653,             0.95945,             0.81368,             0.36094,            0.042078,            0.009928,                   0,           0.0068908,           0.0068908,            0.014191
                 116,            0.035449,            0.009343,                   0,             0.95781,                0.96,             0.93956,             0.50923,            0.037384,           0.0097934,                   0,           0.0069137,           0.0069137,            0.013414
                 117,            0.036202,           0.0079708,                   0,             0.82753,                0.96,             0.91925,             0.44675,            0.048863,           0.0096017,                   0,           0.0069357,           0.0069357,            0.012636
                 118,            0.041127,           0.0087113,                   0,             0.78989,                0.76,             0.83091,              0.2818,            0.046053,           0.0099944,                   0,            0.006957,            0.006957,            0.011857
                 119,            0.044577,           0.0091036,                   0,             0.85163,             0.91843,             0.92299,             0.46344,            0.041657,            0.011134,                   0,           0.0069775,           0.0069775,            0.011078
                 120,            0.036642,           0.0089664,                   0,             0.95648,             0.87918,             0.92853,             0.46779,            0.037682,             0.01143,                   0,           0.0069973,           0.0069973,            0.010297
                 121,            0.032236,            0.010122,                   0,              0.8888,                0.96,             0.92529,             0.45728,            0.038141,            0.010817,                   0,           0.0070163,           0.0070163,           0.0095163
                 122,            0.030919,           0.0078754,                   0,             0.92297,                0.96,             0.93714,             0.45299,            0.037255,            0.010321,                   0,           0.0070345,           0.0070345,           0.0087345
                 123,            0.032696,           0.0085953,                   0,             0.92252,                0.96,             0.93874,             0.43117,            0.039424,            0.010104,                   0,           0.0070519,           0.0070519,           0.0079519
                 124,             0.03449,           0.0083535,                   0,             0.82068,                0.92,             0.90769,             0.47092,            0.040909,           0.0098156,                   0,           0.0070686,           0.0070686,           0.0071686
                 125,            0.035635,           0.0076836,                   0,             0.84573,             0.87726,             0.85813,             0.35144,            0.040491,            0.010017,                   0,           0.0070353,           0.0070353,           0.0070353
                 126,              0.0331,            0.008493,                   0,             0.85184,             0.91995,              0.9106,              0.4935,            0.038882,           0.0099612,                   0,           0.0070353,           0.0070353,           0.0070353
                 127,            0.035648,            0.007889,                   0,             0.88873,                0.96,             0.93537,             0.47246,             0.03877,           0.0097909,                   0,           0.0069948,           0.0069948,           0.0069948
                 128,            0.034883,           0.0074482,                   0,             0.95238,             0.79995,             0.89572,             0.44964,            0.038864,           0.0097974,                   0,           0.0069541,           0.0069541,           0.0069541
                 129,            0.034148,           0.0075319,                   0,             0.79299,                0.92,             0.90768,             0.46844,            0.038123,           0.0097248,                   0,           0.0069134,           0.0069134,           0.0069134
                 130,            0.031983,           0.0070534,                   0,             0.92146,                0.96,             0.93446,             0.48217,            0.040126,           0.0097772,                   0,           0.0068726,           0.0068726,           0.0068726
                 131,            0.036259,           0.0078512,                   0,             0.85184,                0.92,             0.91007,             0.42087,            0.038497,            0.010004,                   0,           0.0068316,           0.0068316,           0.0068316
                 132,            0.032511,           0.0078788,                   0,             0.92294,                0.96,             0.93554,             0.50577,            0.036797,            0.009676,                   0,           0.0067906,           0.0067906,           0.0067906
                 133,            0.030522,           0.0083055,                   0,             0.88888,             0.95994,             0.93816,             0.47299,            0.036466,           0.0098338,                   0,           0.0067495,           0.0067495,           0.0067495
                 134,            0.029492,           0.0085193,                   0,             0.92305,             0.95971,              0.9429,             0.50759,            0.038107,           0.0096668,                   0,           0.0067083,           0.0067083,           0.0067083
                 135,            0.030582,           0.0068205,                   0,             0.95829,                0.92,             0.93989,             0.43999,            0.038472,           0.0097764,                   0,           0.0066671,           0.0066671,           0.0066671
                 136,            0.029968,           0.0075911,                   0,             0.92301,                0.96,              0.9429,             0.43149,            0.039167,           0.0096668,                   0,           0.0066257,           0.0066257,           0.0066257
                 137,            0.032588,           0.0078265,                   0,             0.88452,             0.91916,             0.93249,             0.44621,            0.044341,           0.0099073,                   0,           0.0065843,           0.0065843,           0.0065843
                 138,            0.036248,           0.0085784,                   0,             0.95565,                0.88,             0.90747,              0.5305,            0.036119,           0.0098538,                   0,           0.0065429,           0.0065429,           0.0065429
                 139,            0.031334,           0.0078715,                   0,             0.95818,             0.91653,             0.91185,             0.56997,            0.033633,           0.0096872,                   0,           0.0065013,           0.0065013,           0.0065013
                 140,            0.029561,           0.0080174,                   0,             0.91987,                0.92,             0.89837,             0.52431,            0.038721,           0.0099143,                   0,           0.0064597,           0.0064597,           0.0064597
                 141,            0.033165,           0.0078538,                   0,             0.91996,             0.91954,             0.89536,             0.54734,            0.038199,             0.01009,                   0,           0.0064181,           0.0064181,           0.0064181
                 142,            0.033269,           0.0076322,                   0,              0.9191,                0.92,             0.89651,              0.5385,            0.035198,           0.0099592,                   0,           0.0063764,           0.0063764,           0.0063764
                 143,            0.029897,           0.0074036,                   0,             0.91998,              0.9198,             0.89582,             0.49611,            0.035792,            0.010155,                   0,           0.0063347,           0.0063347,           0.0063347
                 144,            0.029689,           0.0075491,                   0,             0.91971,                0.92,             0.89344,             0.47994,            0.036441,           0.0099077,                   0,            0.006293,            0.006293,            0.006293
                 145,            0.028429,           0.0076537,                   0,             0.91993,                0.92,              0.8924,             0.55023,            0.033598,            0.009673,                   0,           0.0062512,           0.0062512,           0.0062512
                 146,            0.029962,           0.0074302,                   0,             0.91985,                0.92,             0.91319,              0.4485,            0.038182,           0.0096894,                   0,           0.0062093,           0.0062093,           0.0062093
                 147,            0.031773,           0.0082209,                   0,             0.91999,             0.91994,             0.88697,             0.53251,            0.035919,            0.009551,                   0,           0.0061675,           0.0061675,           0.0061675
                 148,            0.029308,           0.0075736,                   0,             0.91999,                0.92,             0.89164,             0.50766,            0.035236,           0.0096923,                   0,           0.0061256,           0.0061256,           0.0061256
                 149,            0.027153,            0.007226,                   0,             0.95985,                0.96,             0.93582,             0.59393,            0.030895,           0.0097319,                   0,           0.0060838,           0.0060838,           0.0060838
                 150,            0.027366,           0.0078415,                   0,             0.95999,             0.95983,             0.93586,             0.56368,            0.033603,           0.0099888,                   0,           0.0060419,           0.0060419,           0.0060419
                 151,            0.030576,           0.0078894,                   0,             0.95998,             0.95964,             0.94699,             0.53946,            0.033811,           0.0099823,                   0,               0.006,               0.006,               0.006
                 152,             0.03053,           0.0078721,                   0,             0.92295,                0.96,             0.94352,               0.564,              0.0349,           0.0099416,                   0,           0.0059581,           0.0059581,           0.0059581
                 153,            0.026081,           0.0073817,                   0,             0.92298,                0.96,             0.94167,             0.55083,            0.033341,           0.0098536,                   0,           0.0059162,           0.0059162,           0.0059162
                 154,            0.029203,           0.0070296,                   0,             0.92308,                0.96,             0.94445,             0.38621,            0.042505,           0.0096636,                   0,           0.0058744,           0.0058744,           0.0058744
                 155,             0.03349,           0.0077335,                   0,             0.88453,                0.92,             0.90132,             0.55479,            0.034921,           0.0095854,                   0,           0.0058325,           0.0058325,           0.0058325
                 156,            0.032031,            0.008129,                   0,             0.88458,                0.92,              0.8979,             0.56421,            0.034147,           0.0097871,                   0,           0.0057907,           0.0057907,           0.0057907
                 157,            0.026679,           0.0081611,                   0,               0.923,                0.96,             0.93511,             0.57152,            0.033724,           0.0099195,                   0,           0.0057488,           0.0057488,           0.0057488
                 158,             0.02431,           0.0067297,                   0,             0.92306,             0.95981,             0.93505,             0.55961,             0.03326,           0.0099157,                   0,            0.005707,            0.005707,            0.005707
                 159,            0.024703,           0.0067096,                   0,             0.92303,                0.96,             0.93291,             0.54759,            0.034221,            0.010007,                   0,           0.0056653,           0.0056653,           0.0056653
                 160,            0.025379,           0.0087256,                   0,             0.92283,                0.96,             0.93663,             0.52417,            0.033395,            0.009809,                   0,           0.0056236,           0.0056236,           0.0056236
                 161,            0.024804,           0.0071393,                   0,             0.92296,                0.96,             0.93501,             0.55338,            0.033494,            0.009829,                   0,           0.0055819,           0.0055819,           0.0055819
                 162,            0.023607,           0.0069948,                   0,             0.92295,                0.96,             0.93494,             0.54166,            0.032642,           0.0097412,                   0,           0.0055403,           0.0055403,           0.0055403
                 163,            0.027405,           0.0072791,                   0,               0.923,                0.96,             0.92961,             0.45782,            0.038094,             0.00979,                   0,           0.0054987,           0.0054987,           0.0054987
                 164,            0.032239,           0.0074987,                   0,             0.92304,                0.96,             0.93331,             0.53259,            0.036923,           0.0097703,                   0,           0.0054571,           0.0054571,           0.0054571
                 165,            0.030819,           0.0069303,                   0,             0.92308,                0.96,             0.94086,              0.5793,             0.03255,            0.009812,                   0,           0.0054157,           0.0054157,           0.0054157
                 166,            0.027923,           0.0074065,                   0,             0.92303,                0.96,             0.93702,             0.52552,            0.034307,            0.010032,                   0,           0.0053743,           0.0053743,           0.0053743
                 167,            0.026846,           0.0070801,                   0,             0.92298,                0.96,              0.9371,             0.52826,            0.033565,            0.009785,                   0,           0.0053329,           0.0053329,           0.0053329
                 168,            0.026775,           0.0067888,                   0,               0.923,                0.96,             0.93537,             0.55596,            0.033629,           0.0095106,                   0,           0.0052917,           0.0052917,           0.0052917
                 169,            0.023911,           0.0067234,                   0,               0.923,                0.96,             0.93557,             0.55797,            0.032419,           0.0094365,                   0,           0.0052505,           0.0052505,           0.0052505
                 170,            0.022178,           0.0070768,                   0,             0.92299,                0.96,             0.93378,              0.5574,            0.032315,            0.009392,                   0,           0.0052094,           0.0052094,           0.0052094
                 171,            0.022834,           0.0068977,                   0,             0.92296,                0.96,             0.92996,             0.56914,            0.033321,           0.0092209,                   0,           0.0051684,           0.0051684,           0.0051684
                 172,            0.026044,           0.0072857,                   0,             0.92303,                0.96,             0.93787,             0.56312,            0.031965,           0.0091753,                   0,           0.0051274,           0.0051274,           0.0051274
                 173,            0.024982,           0.0068609,                   0,             0.92304,                0.96,             0.94051,             0.56881,            0.032354,           0.0091243,                   0,           0.0050866,           0.0050866,           0.0050866
                 174,            0.023874,           0.0070893,                   0,               0.923,                0.96,              0.9371,             0.59122,            0.030899,           0.0091984,                   0,           0.0050459,           0.0050459,           0.0050459
                 175,            0.023658,           0.0065864,                   0,             0.92307,             0.95992,             0.93295,             0.58034,            0.032695,           0.0090747,                   0,           0.0050052,           0.0050052,           0.0050052
                 176,            0.024045,           0.0067798,                   0,             0.92298,                0.96,             0.93479,              0.5568,            0.031398,           0.0091142,                   0,           0.0049647,           0.0049647,           0.0049647
                 177,            0.022438,           0.0065592,                   0,             0.92296,                0.96,             0.93278,             0.58332,            0.034139,           0.0092147,                   0,           0.0049243,           0.0049243,           0.0049243
                 178,            0.024101,           0.0065046,                   0,             0.92277,                0.96,             0.93259,             0.54684,            0.033049,           0.0093033,                   0,            0.004884,            0.004884,            0.004884
                 179,             0.02404,           0.0063219,                   0,             0.92307,             0.95997,             0.93465,             0.56282,            0.031716,           0.0091694,                   0,           0.0048439,           0.0048439,           0.0048439
                 180,            0.022392,           0.0062025,                   0,             0.92307,             0.95987,             0.93688,             0.54742,            0.032221,           0.0093548,                   0,           0.0048038,           0.0048038,           0.0048038
                 181,             0.02152,           0.0073205,                   0,             0.88882,                0.96,             0.93808,             0.54296,            0.033095,           0.0095199,                   0,           0.0047639,           0.0047639,           0.0047639
                 182,            0.021403,           0.0065921,                   0,             0.88886,                0.96,             0.93776,             0.56544,            0.032854,           0.0096177,                   0,           0.0047242,           0.0047242,           0.0047242
                 183,            0.022936,           0.0066445,                   0,             0.88886,                0.96,             0.93747,             0.57321,            0.033484,           0.0096506,                   0,           0.0046845,           0.0046845,           0.0046845
                 184,            0.023038,           0.0069205,                   0,             0.88889,                0.96,             0.93398,             0.56807,            0.032427,           0.0095255,                   0,            0.004645,            0.004645,            0.004645
                 185,            0.021663,           0.0068008,                   0,             0.92307,             0.95991,             0.93568,             0.55185,            0.033091,           0.0094278,                   0,           0.0046057,           0.0046057,           0.0046057
                 186,             0.02287,           0.0061913,                   0,             0.92294,                0.96,             0.94436,             0.60113,            0.031144,           0.0093422,                   0,           0.0045665,           0.0045665,           0.0045665
                 187,            0.021234,           0.0057798,                   0,             0.92307,             0.95996,             0.95036,             0.57014,            0.031479,           0.0093291,                   0,           0.0045275,           0.0045275,           0.0045275
                 188,             0.02306,           0.0071445,                   0,             0.95998,             0.95955,             0.95579,              0.5958,            0.030739,           0.0094261,                   0,           0.0044886,           0.0044886,           0.0044886
                 189,            0.021551,           0.0065298,                   0,             0.92245,                0.96,             0.95302,             0.58909,            0.029994,           0.0093881,                   0,           0.0044499,           0.0044499,           0.0044499
                 190,            0.022568,           0.0068844,                   0,             0.92306,             0.95976,             0.94885,             0.53671,            0.031166,           0.0093314,                   0,           0.0044114,           0.0044114,           0.0044114
                 191,            0.021043,           0.0064359,                   0,             0.92284,                0.96,             0.95089,             0.59044,            0.030436,           0.0093964,                   0,           0.0043731,           0.0043731,           0.0043731
                 192,            0.020551,           0.0064471,                   0,             0.92305,                0.96,              0.9498,             0.55439,            0.030676,           0.0093723,                   0,           0.0043349,           0.0043349,           0.0043349
                 193,            0.019571,           0.0061052,                   0,             0.92306,                0.96,              0.9479,             0.60271,            0.029786,           0.0092847,                   0,           0.0042969,           0.0042969,           0.0042969
                 194,            0.019091,           0.0054877,                   0,               0.923,                0.96,             0.94458,             0.56477,            0.030686,           0.0093035,                   0,           0.0042591,           0.0042591,           0.0042591
                 195,            0.020487,            0.007017,                   0,             0.92298,                0.96,             0.94205,             0.57719,            0.032355,           0.0093415,                   0,           0.0042215,           0.0042215,           0.0042215
                 196,             0.02294,           0.0054232,                   0,             0.92303,                0.96,             0.93521,             0.55337,            0.032174,           0.0094258,                   0,            0.004184,            0.004184,            0.004184
                 197,            0.023415,            0.005842,                   0,             0.92307,             0.95996,             0.93888,             0.60126,            0.030365,           0.0092153,                   0,           0.0041468,           0.0041468,           0.0041468
                 198,            0.022113,           0.0068441,                   0,             0.92303,                0.96,             0.92984,             0.57598,            0.031844,           0.0092828,                   0,           0.0041098,           0.0041098,           0.0041098
                 199,            0.022225,           0.0064788,                   0,             0.92307,                0.96,             0.93433,             0.56055,            0.029199,           0.0092802,                   0,            0.004073,            0.004073,            0.004073
                 200,            0.020888,            0.006613,                   0,             0.92302,                0.96,             0.93645,              0.5831,            0.029487,           0.0092337,                   0,           0.0040364,           0.0040364,           0.0040364
                 201,              0.0194,            0.006428,                   0,             0.92307,                0.96,             0.93871,             0.59531,             0.02932,           0.0092036,                   0,               0.004,               0.004,               0.004
                 202,            0.018028,           0.0054275,                   0,               0.923,                0.96,             0.94225,             0.58263,            0.029756,           0.0092258,                   0,           0.0039638,           0.0039638,           0.0039638
                 203,            0.019872,           0.0058593,                   0,             0.92307,             0.95996,             0.94543,             0.58003,            0.030598,           0.0091924,                   0,           0.0039279,           0.0039279,           0.0039279
                 204,            0.019218,           0.0060521,                   0,             0.92302,                0.96,             0.94686,             0.58848,            0.030087,            0.009122,                   0,           0.0038922,           0.0038922,           0.0038922
                 205,            0.019208,           0.0063317,                   0,             0.92307,             0.95992,             0.94359,             0.57806,            0.030873,           0.0090576,                   0,           0.0038567,           0.0038567,           0.0038567
                 206,             0.01797,           0.0058553,                   0,             0.92294,                0.96,             0.94377,             0.61489,            0.029766,           0.0090668,                   0,           0.0038214,           0.0038214,           0.0038214
                 207,            0.018941,           0.0059152,                   0,             0.92306,             0.95982,             0.94391,             0.58167,            0.029972,           0.0089681,                   0,           0.0037864,           0.0037864,           0.0037864
                 208,            0.018944,            0.005784,                   0,             0.92301,                0.96,             0.94089,             0.59822,            0.030402,            0.009156,                   0,           0.0037517,           0.0037517,           0.0037517
                 209,            0.019972,           0.0051066,                   0,             0.92305,                0.96,             0.94099,             0.58803,             0.03149,           0.0092627,                   0,           0.0037171,           0.0037171,           0.0037171
                 210,            0.021652,            0.006013,                   0,             0.92297,                0.96,             0.94222,              0.5948,            0.030156,           0.0092807,                   0,           0.0036829,           0.0036829,           0.0036829
                 211,            0.019181,            0.006576,                   0,             0.92305,                0.96,             0.94137,             0.59233,            0.029349,           0.0094142,                   0,           0.0036489,           0.0036489,           0.0036489
                 212,            0.016746,           0.0054223,                   0,             0.92304,                0.96,               0.945,             0.61422,            0.029145,           0.0094302,                   0,           0.0036151,           0.0036151,           0.0036151
                 213,            0.017484,           0.0057901,                   0,             0.95995,             0.95878,             0.94846,             0.59849,            0.028559,           0.0094894,                   0,           0.0035816,           0.0035816,           0.0035816
                 214,            0.018488,            0.005427,                   0,             0.95927,                0.96,             0.94691,             0.59617,            0.028553,           0.0093341,                   0,           0.0035484,           0.0035484,           0.0035484
                 215,            0.019244,           0.0053464,                   0,             0.95942,                0.96,             0.94677,             0.61109,            0.027664,           0.0092739,                   0,           0.0035154,           0.0035154,           0.0035154
                 216,            0.018322,           0.0060254,                   0,             0.92303,                0.96,             0.94453,             0.61814,            0.028337,           0.0091275,                   0,           0.0034827,           0.0034827,           0.0034827
                 217,             0.01977,           0.0058544,                   0,             0.92307,                0.96,             0.94785,             0.60752,            0.029501,           0.0091081,                   0,           0.0034503,           0.0034503,           0.0034503
                 218,            0.022167,           0.0060981,                   0,             0.92307,             0.95989,             0.94789,             0.63082,            0.027702,           0.0090902,                   0,           0.0034182,           0.0034182,           0.0034182
                 219,             0.01945,           0.0063357,                   0,             0.92304,                0.96,             0.94771,             0.62497,            0.028204,           0.0092064,                   0,           0.0033863,           0.0033863,           0.0033863
                 220,            0.017629,           0.0060201,                   0,             0.92304,                0.96,             0.94815,             0.61159,            0.027931,           0.0092761,                   0,           0.0033548,           0.0033548,           0.0033548
                 221,            0.015844,           0.0058531,                   0,             0.92291,                0.96,             0.94834,             0.60306,            0.028116,           0.0092698,                   0,           0.0033235,           0.0033235,           0.0033235
                 222,            0.016283,           0.0058311,                   0,             0.92307,                0.96,             0.94708,              0.6095,            0.028797,           0.0092287,                   0,           0.0032925,           0.0032925,           0.0032925
                 223,            0.016196,           0.0056427,                   0,             0.92298,                0.96,             0.94713,              0.5826,            0.029655,           0.0092024,                   0,           0.0032618,           0.0032618,           0.0032618
                 224,            0.016427,           0.0059946,                   0,             0.92296,                0.96,             0.94554,             0.60301,            0.028779,           0.0092475,                   0,           0.0032314,           0.0032314,           0.0032314
                 225,            0.016602,           0.0058384,                   0,             0.92296,                0.96,              0.9492,             0.60331,            0.029658,           0.0093452,                   0,           0.0032013,           0.0032013,           0.0032013
                 226,            0.015816,           0.0055692,                   0,             0.92292,                0.96,             0.94924,             0.59912,            0.029535,           0.0094875,                   0,           0.0031716,           0.0031716,           0.0031716
                 227,            0.017314,           0.0058995,                   0,             0.92287,                0.96,              0.9475,             0.59133,            0.030733,           0.0094889,                   0,           0.0031421,           0.0031421,           0.0031421
                 228,            0.017059,           0.0058112,                   0,             0.92301,                0.96,             0.94768,             0.59626,            0.029882,            0.009529,                   0,            0.003113,            0.003113,            0.003113
                 229,            0.017127,           0.0053685,                   0,             0.92307,             0.95994,             0.94191,             0.60076,            0.030632,           0.0095755,                   0,           0.0030841,           0.0030841,           0.0030841
                 230,            0.017978,           0.0053928,                   0,             0.92305,              0.9597,             0.94389,             0.59658,             0.02979,           0.0096725,                   0,           0.0030556,           0.0030556,           0.0030556
                 231,            0.016412,           0.0057125,                   0,             0.88889,                0.96,             0.94779,             0.58514,            0.030479,           0.0096626,                   0,           0.0030274,           0.0030274,           0.0030274
                 232,            0.015986,           0.0053836,                   0,             0.88887,                0.96,             0.94786,             0.58115,            0.029575,           0.0095814,                   0,           0.0029996,           0.0029996,           0.0029996
                 233,            0.015589,           0.0062002,                   0,             0.88887,                0.96,             0.94422,             0.58883,            0.029362,           0.0095688,                   0,            0.002972,            0.002972,            0.002972
                 234,            0.016231,           0.0058034,                   0,             0.88889,                0.96,             0.94457,             0.58677,            0.030064,            0.009594,                   0,           0.0029448,           0.0029448,           0.0029448
                 235,            0.016397,           0.0061024,                   0,             0.88888,             0.95996,             0.94444,              0.6151,            0.029168,           0.0096271,                   0,           0.0029179,           0.0029179,           0.0029179
                 236,            0.015229,           0.0055974,                   0,             0.92306,             0.95981,             0.93914,              0.6079,            0.029343,           0.0096537,                   0,           0.0028914,           0.0028914,           0.0028914
                 237,            0.015931,           0.0052453,                   0,             0.92294,                0.96,             0.94035,             0.61185,            0.029564,           0.0095134,                   0,           0.0028652,           0.0028652,           0.0028652
                 238,            0.015753,           0.0053571,                   0,             0.92296,                0.96,             0.93821,             0.59287,            0.030044,           0.0094576,                   0,           0.0028394,           0.0028394,           0.0028394
                 239,            0.017272,           0.0052321,                   0,             0.92299,                0.96,             0.93998,             0.59956,            0.029888,           0.0094159,                   0,           0.0028139,           0.0028139,           0.0028139
                 240,            0.016312,           0.0053287,                   0,             0.92295,                0.96,             0.94738,             0.58325,            0.029941,           0.0093868,                   0,           0.0027887,           0.0027887,           0.0027887
                 241,              0.0161,           0.0057842,                   0,             0.92304,                0.96,             0.94721,             0.60856,            0.029697,           0.0093688,                   0,           0.0027639,           0.0027639,           0.0027639
                 242,            0.014695,           0.0057069,                   0,             0.92306,                0.96,             0.95202,             0.61052,            0.029502,           0.0093305,                   0,           0.0027395,           0.0027395,           0.0027395
                 243,             0.01564,           0.0051212,                   0,             0.92306,             0.95977,             0.95198,             0.62606,            0.029223,           0.0093936,                   0,           0.0027154,           0.0027154,           0.0027154
                 244,            0.014197,           0.0058393,                   0,             0.95831,             0.91949,             0.95075,               0.609,            0.029173,           0.0095113,                   0,           0.0026917,           0.0026917,           0.0026917
                 245,            0.014995,           0.0051353,                   0,              0.9582,                0.92,             0.95063,             0.61191,            0.030143,           0.0097438,                   0,           0.0026683,           0.0026683,           0.0026683
                 246,            0.015478,           0.0055039,                   0,              0.9228,                0.96,             0.95368,             0.59965,            0.029315,           0.0099076,                   0,           0.0026453,           0.0026453,           0.0026453
                 247,            0.015367,            0.005917,                   0,             0.92307,             0.95987,             0.95225,             0.60849,            0.029321,           0.0098893,                   0,           0.0026227,           0.0026227,           0.0026227
                 248,             0.01573,           0.0053788,                   0,             0.92305,             0.95969,             0.95093,             0.60043,            0.028988,           0.0099755,                   0,           0.0026004,           0.0026004,           0.0026004
                 249,            0.015138,           0.0054577,                   0,             0.92275,                0.96,             0.95083,             0.61823,            0.028916,            0.010029,                   0,           0.0025785,           0.0025785,           0.0025785
                 250,            0.015233,           0.0049363,                   0,             0.92304,                0.96,             0.94947,             0.61483,            0.028397,           0.0097874,                   0,            0.002557,            0.002557,            0.002557
                 251,            0.016158,           0.0056224,                   0,             0.92292,                0.96,             0.94934,             0.62383,            0.028872,           0.0098309,                   0,           0.0025359,           0.0025359,           0.0025359
                 252,            0.015082,           0.0060218,                   0,             0.92292,                0.96,             0.95232,             0.61025,            0.029022,           0.0098562,                   0,           0.0025151,           0.0025151,           0.0025151
                 253,             0.01526,            0.005609,                   0,             0.92304,                0.96,              0.9509,             0.60534,            0.029172,           0.0098515,                   0,           0.0024948,           0.0024948,           0.0024948
                 254,            0.015085,           0.0050884,                   0,             0.88887,                0.96,             0.94795,             0.59598,            0.029887,           0.0097832,                   0,           0.0024748,           0.0024748,           0.0024748
                 255,             0.01426,           0.0050737,                   0,             0.88884,                0.96,             0.94779,             0.59644,            0.030187,           0.0096698,                   0,           0.0024552,           0.0024552,           0.0024552
                 256,            0.014618,           0.0049301,                   0,             0.92303,              0.9594,             0.94945,             0.61185,            0.028675,           0.0095908,                   0,            0.002436,            0.002436,            0.002436
                 257,             0.01574,           0.0056804,                   0,             0.92302,                0.96,              0.9495,             0.59978,             0.02933,           0.0096621,                   0,           0.0024172,           0.0024172,           0.0024172
                 258,            0.015328,           0.0052799,                   0,             0.92289,                0.96,             0.94957,             0.60648,            0.029111,           0.0097949,                   0,           0.0023987,           0.0023987,           0.0023987
                 259,            0.016544,           0.0052673,                   0,             0.92294,                0.96,             0.94954,             0.59974,            0.029156,           0.0099459,                   0,           0.0023807,           0.0023807,           0.0023807
                 260,            0.014028,           0.0054588,                   0,             0.92275,                0.96,             0.94782,             0.60387,             0.02924,            0.010019,                   0,           0.0023631,           0.0023631,           0.0023631
                 261,            0.014864,           0.0049868,                   0,             0.92306,             0.95981,             0.94787,             0.61081,            0.029178,            0.010056,                   0,           0.0023458,           0.0023458,           0.0023458
                 262,             0.01413,           0.0055145,                   0,             0.92295,                0.96,             0.94795,             0.60594,            0.028503,            0.010006,                   0,            0.002329,            0.002329,            0.002329
                 263,            0.014845,           0.0049661,                   0,             0.92305,              0.9596,             0.94982,             0.60867,            0.028307,           0.0098815,                   0,           0.0023125,           0.0023125,           0.0023125
                 264,            0.014476,           0.0054954,                   0,             0.92303,              0.9594,             0.94988,             0.62285,            0.028207,           0.0098622,                   0,           0.0022965,           0.0022965,           0.0022965
                 265,            0.014718,           0.0064998,                   0,             0.92307,             0.95992,             0.95002,             0.63072,            0.027722,           0.0098789,                   0,           0.0022809,           0.0022809,           0.0022809
                 266,            0.014265,           0.0056889,                   0,             0.92289,                0.96,             0.95116,             0.61544,            0.027947,           0.0097691,                   0,           0.0022657,           0.0022657,           0.0022657
                 267,            0.013524,           0.0048249,                   0,             0.92306,             0.95979,             0.95573,             0.64043,             0.02752,           0.0095689,                   0,           0.0022509,           0.0022509,           0.0022509
                 268,            0.013381,           0.0048842,                   0,             0.92289,                0.96,             0.95282,             0.63919,            0.027466,            0.009447,                   0,           0.0022365,           0.0022365,           0.0022365
                 269,            0.015183,           0.0056998,                   0,             0.92282,                0.96,             0.95142,             0.61123,            0.029139,           0.0094782,                   0,           0.0022225,           0.0022225,           0.0022225
                 270,            0.014715,           0.0051089,                   0,             0.92305,                0.96,             0.95042,             0.62852,             0.02815,           0.0096179,                   0,           0.0022089,           0.0022089,           0.0022089
                 271,             0.01415,           0.0054394,                   0,             0.92293,                0.96,             0.95046,             0.62127,            0.027766,           0.0097206,                   0,           0.0021958,           0.0021958,           0.0021958
                 272,            0.013735,           0.0055042,                   0,             0.92296,                0.96,             0.95028,             0.60127,            0.028733,           0.0099852,                   0,            0.002183,            0.002183,            0.002183
                 273,             0.01406,           0.0050594,                   0,             0.92302,                0.96,             0.94981,             0.62703,            0.028247,            0.010102,                   0,           0.0021707,           0.0021707,           0.0021707
                 274,            0.014153,           0.0052306,                   0,             0.92306,             0.95984,              0.9484,             0.60261,            0.028531,            0.010122,                   0,           0.0021588,           0.0021588,           0.0021588
                 275,            0.013581,            0.004951,                   0,             0.92307,             0.95985,             0.94809,             0.60013,            0.029588,            0.010179,                   0,           0.0021473,           0.0021473,           0.0021473
                 276,            0.013963,           0.0050959,                   0,             0.92307,                0.96,             0.94437,              0.5977,            0.029399,            0.010159,                   0,           0.0021363,           0.0021363,           0.0021363
                 277,            0.013916,           0.0051591,                   0,             0.92294,                0.96,              0.9463,             0.59554,            0.029875,             0.01006,                   0,           0.0021257,           0.0021257,           0.0021257
                 278,            0.015362,           0.0053176,                   0,             0.92307,             0.95991,             0.93949,             0.59878,            0.028753,           0.0099751,                   0,           0.0021155,           0.0021155,           0.0021155
                 279,            0.015333,           0.0053659,                   0,             0.92297,                0.96,             0.93589,              0.5901,            0.030083,           0.0098654,                   0,           0.0021057,           0.0021057,           0.0021057
                 280,             0.01702,           0.0051789,                   0,             0.92305,                0.96,             0.93538,             0.59689,            0.028413,           0.0098273,                   0,           0.0020963,           0.0020963,           0.0020963
                 281,            0.016577,           0.0052469,                   0,               0.923,                0.96,             0.93596,             0.59704,            0.029361,           0.0098232,                   0,           0.0020874,           0.0020874,           0.0020874
                 282,            0.016423,           0.0048882,                   0,             0.92305,                0.96,             0.94053,             0.60167,            0.028683,           0.0099163,                   0,           0.0020789,           0.0020789,           0.0020789
                 283,            0.014569,            0.005316,                   0,             0.92307,             0.95997,             0.94357,             0.61305,            0.028751,           0.0098871,                   0,           0.0020709,           0.0020709,           0.0020709
                 284,            0.013671,           0.0053464,                   0,             0.92308,             0.95998,             0.94178,             0.59057,             0.02827,           0.0098677,                   0,           0.0020632,           0.0020632,           0.0020632
                 285,            0.013655,           0.0052408,                   0,             0.92301,                0.96,             0.94174,             0.60194,            0.028028,           0.0097358,                   0,            0.002056,            0.002056,            0.002056
                 286,            0.013162,           0.0051057,                   0,             0.92304,                0.96,             0.94376,             0.59758,            0.027585,           0.0096582,                   0,           0.0020492,           0.0020492,           0.0020492
                 287,            0.013296,           0.0050351,                   0,               0.923,                0.96,              0.9438,             0.61842,            0.027705,           0.0096861,                   0,           0.0020429,           0.0020429,           0.0020429
                 288,             0.01333,           0.0054063,                   0,             0.92307,                0.96,             0.94508,             0.61837,            0.027764,           0.0097626,                   0,            0.002037,            0.002037,            0.002037
                 289,            0.014266,           0.0054511,                   0,             0.92307,                0.96,             0.94859,             0.59868,            0.028231,           0.0099504,                   0,           0.0020315,           0.0020315,           0.0020315
                 290,            0.013699,           0.0050893,                   0,             0.92305,                0.96,             0.94843,             0.62154,            0.027762,            0.010017,                   0,           0.0020265,           0.0020265,           0.0020265
                 291,            0.013613,           0.0053414,                   0,               0.923,                0.96,             0.94821,             0.61438,            0.028325,           0.0099936,                   0,           0.0020219,           0.0020219,           0.0020219
                 292,            0.014874,           0.0050954,                   0,             0.92305,                0.96,             0.94981,             0.61486,            0.029323,           0.0099536,                   0,           0.0020178,           0.0020178,           0.0020178
                 293,            0.014454,           0.0049564,                   0,             0.92302,                0.96,             0.95028,             0.61885,            0.028159,           0.0098514,                   0,            0.002014,            0.002014,            0.002014
                 294,            0.013331,           0.0050793,                   0,             0.92305,                0.96,              0.9484,             0.61484,             0.02816,           0.0098932,                   0,           0.0020107,           0.0020107,           0.0020107
                 295,             0.01253,           0.0052366,                   0,             0.92304,                0.96,             0.94956,             0.61603,            0.027897,           0.0098704,                   0,           0.0020079,           0.0020079,           0.0020079
                 296,            0.013193,           0.0044795,                   0,             0.92307,                0.96,             0.94972,             0.60901,            0.028079,            0.009895,                   0,           0.0020055,           0.0020055,           0.0020055
                 297,            0.013925,            0.004191,                   0,             0.92304,                0.96,             0.94692,             0.60312,            0.027978,           0.0097936,                   0,           0.0020035,           0.0020035,           0.0020035
                 298,            0.012818,           0.0044459,                   0,             0.92297,                0.96,             0.94968,             0.61086,            0.028263,           0.0097845,                   0,            0.002002,            0.002002,            0.002002
                 299,            0.012205,           0.0047661,                   0,             0.92303,                0.96,             0.94962,             0.61384,            0.027982,           0.0097124,                   0,           0.0020009,           0.0020009,           0.0020009
